first name,last name,date of birth,status,phone number
Pamela,Lang,2014-05-01,Active,001-788-879-4776x2982
Kelly,Moore,2006-07-27,Inactive,(855)791-9500
Stephanie,Reese,2006-12-27,Active,+1-986-598-5346x5774
Tamara,Morton,2009-10-01,Inactive,+1-390-395-0940x639
Annette,Russell,2008-09-13,Active,(856)637-2827x670
Christopher,Rogers,2008-06-11,Inactive,001-158-306-5382x205
David,Clarke,2008-03-28,Active,2307927563
Jorge,Hansen,2010-08-13,Inactive,4095584346
Christian,Sanchez,2013-11-30,Inactive,001-159-950-6662x1640
Sylvia,Bailey,2006-03-20,Inactive,(851)627-5304
John,Thompson,2014-11-03,Inactive,(476)309-9765
Justin,Watkins,2009-11-08,Inactive,487-302-5719
Joseph,Davenport,2009-08-02,Inactive,(121)661-7949
Johnathan,Mcmillan,2013-08-02,Active,175-087-7654
Brandon,Lopez,2014-08-02,Active,704-173-9118x25099
Tyler,Carroll,2013-09-04,Active,393-199-3649x6339
Lindsay,Tran,2006-11-04,Active,+1-472-800-2035x413
Autumn,Beck,2014-06-01,Inactive,910.929.2163x226
Brent,Cox,2013-09-04,Active,001-720-369-2495x66109
Laura,Trevino,2011-04-21,Active,938.607.5358
Brittany,Smith,2014-11-16,Inactive,001-211-633-0193x17451
Darlene,Blackwell,2013-01-16,Active,001-302-820-2326x088
Mary,Guerrero,2009-12-14,Active,983.024.1002x122
Cathy,Walker,2009-04-15,Active,001-323-308-7843
April,Wright,2009-12-19,Active,(654)760-3619
Hannah,Hensley,2007-05-02,Active,(717)110-4123x578
Judy,Foster,2007-08-27,Inactive,(503)432-9365x9861
Brian,Brown,2007-01-06,Active,+1-336-511-8699x2134
Melissa,King,2006-04-25,Inactive,001-914-911-1526
Justin,Moody,2012-12-21,Inactive,217.247.5474x6651
